file	url	license	author	source
Apple_AirPods_Max_6.jpg	https://upload.wikimedia.org/wikipedia/commons/9/9a/Apple_AirPods_Max_6.jpg	CC BY-SA 4.0	SimonWaldherr	https://commons.wikimedia.org/wiki/File:Apple_AirPods_Max_6.jpg
Apple_Computer_Logo_rainbow.svg	https://upload.wikimedia.org/wikipedia/commons/8/84/Apple_Computer_Logo_rainbow.svg	Public domain	Rob Janoff	https://commons.wikimedia.org/wiki/File:Apple_Computer_Logo_rainbow.svg
Apple_Garage.jpg	https://upload.wikimedia.org/wikipedia/commons/b/bd/Apple_Garage.jpg	CC BY-SA 2.0	Mathieu Thouvenin	https://commons.wikimedia.org/wiki/File:Apple_Garage.jpg
Apple_Genius_Bar_Regentstreet_London.jpg	https://upload.wikimedia.org/wikipedia/commons/6/6a/Apple_Genius_Bar_Regentstreet_London.jpg	CC BY-SA 3.0	Maebmij	https://commons.wikimedia.org/wiki/File:Apple_Genius_Bar_Regentstreet_London.jpg
Apple_II_Plus_cropped.jpg	https://upload.wikimedia.org/wikipedia/commons/0/04/Apple_II_Plus_cropped.jpg	CC BY-SA 3.0	Bilby	https://commons.wikimedia.org/wiki/File:Apple_II_Plus_cropped.jpg
Apple_Infinite_Loop_campus.jpg	https://upload.wikimedia.org/wikipedia/commons/a/ad/Apple_Infinite_Loop_campus.jpg	CC BY-SA 4.0	InvadingInvader	https://commons.wikimedia.org/wiki/File:Apple_Infinite_Loop_campus.jpg
Apple_Museum_Prague_Macintosh_LC_1990_cropped_.jpg	https://upload.wikimedia.org/wikipedia/commons/b/b6/Apple_Museum_%28Prague%29_Macintosh_LC_%281990%29_%28cropped%29.jpg	CC0	Benoît Prieur	https://commons.wikimedia.org/wiki/File:Apple_Museum_(Prague)_Macintosh_LC_(1990)_(cropped).jpg
Apple_Newton_MessagePad_100_with_stylus.jpg	https://upload.wikimedia.org/wikipedia/commons/9/9a/Apple_Newton_MessagePad_100_with_stylus.jpg	CC BY-SA 4.0	Felix Winkelnkemper	https://commons.wikimedia.org/wiki/File:Apple_Newton_MessagePad_100_with_stylus.jpg
Apple_PowerBook_G3_500_Pismo-2763.jpg	https://upload.wikimedia.org/wikipedia/commons/7/77/Apple_PowerBook_G3_500_Pismo-2763.jpg	CC BY-SA 4.0	Raimond Spekking	https://commons.wikimedia.org/wiki/File:Apple_PowerBook_G3_500_Pismo-2763.jpg
Apple_Watch_Ultra_-_2.jpg	https://upload.wikimedia.org/wikipedia/commons/9/91/Apple_Watch_Ultra_-_2.jpg	CC BY-SA 4.0	KKPCW（Kyu3）	https://commons.wikimedia.org/wiki/File:Apple_Watch_Ultra_-_2.jpg
Apple_Watch_2015_17187691969_.jpg	https://upload.wikimedia.org/wikipedia/commons/c/c1/Apple_Watch_%E3%81%A7%E3%83%81%E3%82%A7%E3%83%83%E3%82%AF%E3%82%A4%E3%83%B3%E3%81%97%E3%81%BE%E3%81%97%E3%81%9F%EF%BC%81_2015_%2817187691969%29.jpg	CC BY-SA 2.0	ayustety	https://commons.wikimedia.org/wiki/File:Apple_Watch_%E3%81%A7%E3%83%81%E3%82%A7%E3%83%83%E3%82%AF%E3%82%A4%E3%83%B3%E3%81%97%E3%81%BE%E3%81%97%E3%81%9F%EF%BC%81_2015_(17187691969).jpg
Apple_Wolfe_campus.jpg	https://upload.wikimedia.org/wikipedia/commons/2/20/Apple_Wolfe_campus.jpg	CC BY-SA 4.0	InvadingInvader	https://commons.wikimedia.org/wiki/File:Apple_Wolfe_campus.jpg
Apple_Yosemite.JPG	https://upload.wikimedia.org/wikipedia/commons/a/a2/Apple_Yosemite.JPG	CC BY 3.0	Dietmar Naujok	https://commons.wikimedia.org/wiki/File:Apple_Yosemite.JPG
Apple_logo_black.svg	https://upload.wikimedia.org/wikipedia/commons/f/fa/Apple_logo_black.svg	Public domain	Original:  Rob Janoff	https://commons.wikimedia.org/wiki/File:Apple_logo_black.svg
Apple_store_fifth_avenue.jpg	https://upload.wikimedia.org/wikipedia/commons/0/0c/Apple_store_fifth_avenue.jpg	CC BY-SA 2.5	Ed Uthman, MD	https://commons.wikimedia.org/wiki/File:Apple_store_fifth_avenue.jpg
Black_iPhone_17.jpg	https://upload.wikimedia.org/wikipedia/commons/5/56/Black_iPhone_17.jpg	CC0	Ahmad Ali Karim	https://commons.wikimedia.org/wiki/File:Black_iPhone_17.jpg
Clamshell_iBook_G3.jpg	https://upload.wikimedia.org/wikipedia/commons/e/e9/Clamshell_iBook_G3.jpg	CC BY 2.0	https://commons.wikimedia.org/wiki/File:Clamshell_iBook_G3.jpg	
Colleges_with_the_most_alumni_at_Apple.png	https://upload.wikimedia.org/wikipedia/commons/e/e9/Colleges_with_the_most_alumni_at_Apple.png	Public domain	Kcida10 (talk) (Uploads)	https://commons.wikimedia.org/wiki/File:Colleges_with_the_most_alumni_at_Apple.png
CopsonApple1_2k_cropped.jpg	https://upload.wikimedia.org/wikipedia/commons/e/e4/CopsonApple1_2k_cropped.jpg	CC BY-SA 4.0	Achim Baqué	https://commons.wikimedia.org/wiki/File:CopsonApple1_2k_cropped.jpg
Decrease2.svg	https://upload.wikimedia.org/wikipedia/commons/e/ed/Decrease2.svg	Public domain	Sarang	https://commons.wikimedia.org/wiki/File:Decrease2.svg
Flag_of_California.svg	https://upload.wikimedia.org/wikipedia/commons/0/01/Flag_of_California.svg	Public domain	Original:  Donald Graeme Kelley Vectorization:  Devin Cook	https://commons.wikimedia.org/wiki/File:Flag_of_California.svg
IMac_G3_Bondi_Blue_three-quarters_view.png	https://upload.wikimedia.org/wikipedia/commons/d/db/IMac_G3_Bondi_Blue%2C_three-quarters_view.png	CC BY-SA 4.0	Alterations by David Fuchs; original by Rama, licensed CC-by-SA	https://commons.wikimedia.org/wiki/File:IMac_G3_Bondi_Blue,_three-quarters_view.png
IPad_Pro_2020_with_Magic_Keyboard_-_3.jpg	https://upload.wikimedia.org/wikipedia/commons/2/27/IPad_Pro_2020_with_Magic_Keyboard_-_3.jpg	CC BY-SA 4.0	KKPCW	https://commons.wikimedia.org/wiki/File:IPad_Pro_2020_with_Magic_Keyboard_-_3.jpg
IPhone_356419153_.jpg	https://upload.wikimedia.org/wikipedia/commons/f/fb/IPhone_%28356419153%29.jpg	CC BY 2.0	JD Lasica from Pleasanton, CA, US	https://commons.wikimedia.org/wiki/File:IPhone_(356419153).jpg
IPod_classic_in_dock.jpg	https://upload.wikimedia.org/wikipedia/commons/9/99/IPod_classic_in_dock.jpg	CC BY 2.0	Andrew from New York, USA	https://commons.wikimedia.org/wiki/File:IPod_classic_in_dock.jpg
ITunes_Store_Songs_Sales.jpg	https://upload.wikimedia.org/wikipedia/commons/2/25/ITunes_Store_Songs_Sales.jpg	Public domain	Jason7825	https://commons.wikimedia.org/wiki/File:ITunes_Store_Songs_Sales.jpg
Increase2.svg	https://upload.wikimedia.org/wikipedia/commons/b/b0/Increase2.svg	Public domain	Sarang	https://commons.wikimedia.org/wiki/File:Increase2.svg
Industry5.svg	https://upload.wikimedia.org/wikipedia/commons/2/2a/Industry5.svg	CC0	Tsaoja	https://commons.wikimedia.org/wiki/File:Industry5.svg
M1_iMac_blue_model_cropped_.jpg	https://upload.wikimedia.org/wikipedia/commons/c/c2/M1_iMac_blue_model_%28cropped%29.jpg	CC BY-SA 4.0	Jelican9	https://commons.wikimedia.org/wiki/File:M1_iMac_blue_model_(cropped).jpg
M2_Macbook_Air_Midnight_model_-_1.jpg	https://upload.wikimedia.org/wikipedia/commons/2/25/M2_Macbook_Air_Midnight_model_-_1.jpg	CC BY-SA 4.0	KKPCW（Kyu3）	https://commons.wikimedia.org/wiki/File:M2_Macbook_Air_Midnight_model_-_1.jpg
MacBook_Pro.jpg	https://upload.wikimedia.org/wikipedia/commons/9/9a/MacBook_Pro.jpg	CC BY 2.0	https://commons.wikimedia.org/wiki/File:MacBook_Pro.jpg	
Macbook_Air_M1_Silver_PNG.png	https://upload.wikimedia.org/wikipedia/commons/5/50/Macbook_Air_M1_Silver_PNG.png	CC BY-SA 4.0	L	https://commons.wikimedia.org/wiki/File:Macbook_Air_M1_Silver_PNG.png
PowerMac_6100-66b.JPG	https://upload.wikimedia.org/wikipedia/commons/a/a4/PowerMac_6100-66b.JPG	CC BY-SA 3.0	Hannes Grobe	https://commons.wikimedia.org/wiki/File:PowerMac_6100-66b.JPG
Prism-slide-8.jpg	https://upload.wikimedia.org/wikipedia/commons/f/fb/Prism-slide-8.jpg	Public domain	US National Security Agency	https://commons.wikimedia.org/wiki/File:Prism-slide-8.jpg
SF_From_Marin_Highlands3.jpg	https://upload.wikimedia.org/wikipedia/commons/d/da/SF_From_Marin_Highlands3.jpg	Public domain	en:User:Paul.h	https://commons.wikimedia.org/wiki/File:SF_From_Marin_Highlands3.jpg
Steve_Jobs_Headshot_2010-CROP.jpg	https://upload.wikimedia.org/wikipedia/commons/b/b9/Steve_Jobs_Headshot_2010-CROP.jpg	CC BY-SA 3.0	Matthew Yohe (talk)	https://commons.wikimedia.org/wiki/File:Steve_Jobs_Headshot_2010-CROP.jpg
Steve_Wozniak.jpg	https://upload.wikimedia.org/wikipedia/commons/f/f6/Steve_Wozniak.jpg	Copyrighted free use	Photo taken by Al Luckow	https://commons.wikimedia.org/wiki/File:Steve_Wozniak.jpg
Steve_Wozniak_and_Andy_Hertzfeld_1985.jpg	https://upload.wikimedia.org/wikipedia/commons/0/0c/Steve_Wozniak_and_Andy_Hertzfeld_1985.jpg	CC BY-SA 3.0	Tony Wills	https://commons.wikimedia.org/wiki/File:Steve_Wozniak_and_Andy_Hertzfeld_1985.jpg
Aerial_view_of_Apple_Park_dllu.jpg	https://thumb.wikimedia.org/wikipedia/commons/thumb/5/5a/Aerial_view_of_Apple_Park_dllu.jpg/3840px-Aerial_view_of_Apple_Park_dllu.jpg	CC BY-SA 4.0	Daniel L. Lu (user:dllu)	https://commons.wikimedia.org/wiki/File:Aerial_view_of_Apple_Park_dllu.jpg
Flag_of_the_United_States.svg	https://upload.wikimedia.org/wikipedia/en/a/a4/Flag_of_the_United_States.svg	PD	https://en.wikipedia.org/wiki/File:Flag_of_the_United_States.svg	
Steve_Jobs_and_Macintosh_computer_January_1984_by_Bernard_Gotfryd_-_edited.jpg	https://upload.wikimedia.org/wikipedia/commons/d/dd/Steve_Jobs_and_Macintosh_computer%2C_January_1984%2C_by_Bernard_Gotfryd_-_edited.jpg	Public domain	Photo: Bernard Gotfryd - Edited from tif by Cart	https://commons.wikimedia.org/wiki/File:Steve_Jobs_and_Macintosh_computer,_January_1984,_by_Bernard_Gotfryd_-_edited.jpg
