row_index	theme	theme_name	level	question	answer
1	1	forskningsdesign	E	Vad är en hypotes?	Ett testbart påstående om ett förväntat samband mellan variabler.
2	1	forskningsdesign	E	Vad är skillnaden mellan oberoende och beroende variabel?	Den oberoende variabeln antas påverka den beroende variabeln som är utfallet man vill förklara.
3	1	forskningsdesign	E	Vad menas med kausalitet?	Att en faktor faktiskt påverkar en annan faktor och bidrar till att skapa ett utfall.
4	1	forskningsdesign	E	Vad är ett experiment?	En design där forskaren manipulerar en oberoende variabel för att studera dess effekt.
5	1	forskningsdesign	E	Vad är en kontrollgrupp?	En grupp som inte får behandlingen och används som jämförelse.
6	1	forskningsdesign	E	Vad är en confounder eller störfaktor?	En tredje variabel som påverkar både den oberoende och den beroende variabeln och därmed kan snedvrida sambandet.
7	1	forskningsdesign	C	Motivera varför din design möjliggör eller inte möjliggör kausala slutsatser.	Kausala slutsatser kräver kontroll över alternativa förklaringar till exempel genom experiment eller statistisk kontroll.
8	1	forskningsdesign	C	Hur relaterar regression till orsaksanalys?	Regression visar samband mellan variabler men ger inte automatiskt kausala slutsatser utan en lämplig forskningsdesign.
9	1	forskningsdesign	C	Hur hanterar du confounding variables?	Genom randomisering, kontrollvariabler, matchning eller annan statistisk kontroll.
10	1	forskningsdesign	C	Hur säkerställs intern validitet i experiment?	Genom randomisering, kontrollgrupper och standardiserade procedurer.
11	1	forskningsdesign	C	Hur kan en experimentell manipulation ifrågasättas?	Om manipulationen inte påverkar deltagarna som avsett eller upplevs orealistisk.
12	1	forskningsdesign	C	Vilken roll har tidsordning i kausal analys?	Orsaken måste komma före effekten för att ett kausalt påstående ska vara trovärdigt.
13	1	forskningsdesign	C	Varför räcker inte korrelation för att visa orsak?	För att sambandet kan bero på slump, omvänd kausalitet eller en tredje variabel.
14	1	forskningsdesign	A	Diskutera kausalitet i relation till din design och alternativa designval.	Kausalitet kräver tidsordning och kontroll över alternativa förklaringar och kan stärkas genom experimentella eller kvasi-experimentella designer.
15	1	forskningsdesign	A	Hur kan experimentell design skapa artificiella effekter?	Laboratoriemiljöer kan påverka beteende så att resultaten inte speglar verkliga situationer.
16	1	forskningsdesign	A	Hur relaterar din analys till orsaksanalysens logik?	Analysen undersöker om förändringar i en oberoende variabel systematiskt hänger ihop med förändringar i utfallet.
17	1	forskningsdesign	A	Hur kan du försvara din design inför en kvalitativ forskare?	Genom att visa att designen möjliggör systematisk hypotesprövning och generalisering.
18	1	forskningsdesign	A	Hur kan du kombinera kvalitativ och kvantitativ design?	Genom mixed methods där kvalitativa data ger djup och kvantitativa data ger generaliserbarhet.
19	1	forskningsdesign	A	När är en kvasi-experimentell design ett rimligt alternativ?	När randomisering inte är möjlig men man ändå kan utnyttja naturliga variationer eller policyförändringar för att stärka kausala slutsatser.
20	1	forskningsdesign	A	Hur kan omvänd kausalitet prövas eller diskuteras?	Genom att analysera tidsordning, använda longitudinella data eller diskutera alternativa mekanismer där utfallet kan påverka orsaken.
21	2	operationalisering	E	Vad är operationalisering?	Att göra ett abstrakt begrepp mätbart genom indikatorer eller variabler.
22	2	operationalisering	E	Vad är en Likertskala?	En skala där respondenter anger graden av instämmande i ett påstående.
23	2	operationalisering	E	Vad är en nominalskala?	En kategorisk variabel utan rangordning till exempel land eller kön.
24	2	operationalisering	E	Vad är en ordinalskala?	En variabel med rangordning men utan lika avstånd mellan nivåerna.
25	2	operationalisering	E	Vad är en indikator?	Ett observerbart mått som används för att representera ett teoretiskt begrepp.
26	2	operationalisering	E	Vad är en intervallskala?	En skala där avstånden mellan värden kan tolkas som lika stora men där nollpunkten inte nödvändigtvis är absolut.
27	2	operationalisering	C	Hur har du operationaliserat ditt teoretiska fenomen?	Genom att välja indikatorer som representerar begreppet och mäta dem empiriskt.
28	2	operationalisering	C	Hur påverkar operationalisering tolkningen?	Olika operationaliseringar kan ge olika resultat och därmed olika tolkningar.
29	2	operationalisering	C	Hur påverkar operationalisering generaliserbarhet?	Om måttet inte fångar begreppet korrekt kan resultaten bli svåra att generalisera.
30	2	operationalisering	C	Hur påverkar skalnivå val av analys?	Skalnivån avgör vilka statistiska metoder som kan användas.
31	2	operationalisering	C	Hur bedömer du om en indikator är rimlig?	Genom att pröva om den ligger nära teorin och fångar den aspekt av begreppet som är central för studien.
32	2	operationalisering	C	Varför används flera indikatorer för samma begrepp?	För att komplexa begrepp ofta fångas bättre och mer stabilt med flera mått än med ett enda.
33	2	operationalisering	C	Hur skiljer sig direkt och indirekt mätning?	Direct mätning registrerar fenomenet direkt medan indirekt mätning använder proxyvariabler eller indikatorer.
34	2	operationalisering	A	Hur påverkar ontologiska antaganden operationalisering?	Synen på vad som existerar påverkar hur begrepp definieras och mäts.
35	2	operationalisering	A	Diskutera sambandet mellan teori och variabelkonstruktion.	Teorin avgör vilka variabler som behövs och hur de ska operationaliseras.
36	2	operationalisering	A	Hur skulle resultaten förändras vid annan operationalisering?	Olika indikatorer kan mäta olika aspekter och därmed ge andra resultat.
37	2	operationalisering	A	Hur kan operationalisering skapa systematiska bias?	Om måttet systematiskt över- eller underskattar fenomenet.
38	2	operationalisering	A	Hur kan val av cut-off-värden påverka resultatet?	Olika gränsvärden kan flytta observationer mellan kategorier och därmed förändra tolkningen av sambanden.
39	2	operationalisering	A	När kan standardiserade mått vara olämpliga?	När begreppet är starkt kontextbundet eller när standardmåttet inte passar populationen som studeras.
40	2	operationalisering	A	Hur kan kulturell kontext påverka jämförbarheten i ett mått?	Samma indikator kan tolkas olika i olika sammanhang vilket försvårar jämförelser mellan grupper eller länder.
41	3	validitet_reliabilitet	E	Vad är reliabilitet?	Om en mätning ger samma resultat vid upprepade mätningar.
42	3	validitet_reliabilitet	E	Vad är validitet?	Om ett mått verkligen mäter det som det avser att mäta.
43	3	validitet_reliabilitet	E	Vad är intern validitet?	Hur väl studien visar att ett samband är kausalt.
44	3	validitet_reliabilitet	E	Vad är extern validitet?	Hur väl resultaten kan generaliseras till andra sammanhang.
45	3	validitet_reliabilitet	E	Vad är ett mätfel?	En skillnad mellan det sanna värdet och det värde som faktiskt registreras.
46	3	validitet_reliabilitet	E	Vad är begreppsvaliditet?	Hur väl ett mått fångar det teoretiska begrepp som det ska representera.
47	3	validitet_reliabilitet	E	Vad menas med test-retest-reliabilitet?	Att samma mätning ger liknande resultat när den upprepas vid två olika tidpunkter.
48	3	validitet_reliabilitet	C	Hur säkerställer du begreppsvaliditet?	Genom etablerade mått och genom att testa om indikatorerna verkligen mäter begreppet.
49	3	validitet_reliabilitet	C	Hur kan mätfel uppstå?	Genom otydliga frågor, missförstånd eller tekniska problem.
50	3	validitet_reliabilitet	C	Hur kan man stärka reliabiliteten?	Genom standardiserad datainsamling och tydliga frågor.
51	3	validitet_reliabilitet	C	Hur kan pilotstudier stärka validitet och reliabilitet?	Genom att upptäcka otydligheter, tekniska problem och svaga indikatorer innan huvudinsamlingen startar.
52	3	validitet_reliabilitet	C	Vad är skillnaden mellan slumpmässiga och systematiska mätfel?	Slumpmässiga fel varierar osystematiskt medan systematiska fel snedvrider resultaten i en bestämd riktning.
53	3	validitet_reliabilitet	C	Hur kan intervjuareffekter påverka reliabiliteten?	Olika intervjuare kan formulera frågor eller reagera olika vilket gör att svaren blir mindre jämförbara.
54	3	validitet_reliabilitet	A	Identifiera och analysera den största validitetsrisken i din studie.	Till exempel selektionsbias eller mätfel som kan snedvrida resultaten.
55	3	validitet_reliabilitet	A	Hur kan intern och extern validitet stå i konflikt?	Strikt kontroll ökar intern validitet men kan minska realism och generaliserbarhet.
56	3	validitet_reliabilitet	A	Diskutera reliabilitetens begränsningar.	Ett mått kan vara konsekvent men ändå mäta fel sak.
57	3	validitet_reliabilitet	A	Hur kan begreppsvaliditet testas empiriskt?	Genom faktoranalyser eller jämförelser med andra etablerade mått.
58	3	validitet_reliabilitet	A	Hur kan triangulering stärka validiteten?	Genom att flera datakällor eller metoder används för att undersöka samma fenomen från olika håll.
59	3	validitet_reliabilitet	A	Hur bedömer du validitet när direkt observation saknas?	Genom att kombinera teori, indirekta indikatorer och jämförelser med tidigare forskning eller alternativa mått.
60	3	validitet_reliabilitet	A	Hur påverkar confounding validity tolkningen?	Confounders kan skapa skenbara samband och leda till felaktiga slutsatser.
61	4	enkatdesign	E	Vad är en dubbel fråga i enkät?	En fråga som innehåller två frågor i en och därför är svår att besvara.
62	4	enkatdesign	E	Vad är en ledande enkätfråga?	En fråga som antyder vilket svar som förväntas.
63	4	enkatdesign	E	Vad är en öppen fråga?	En fråga där respondenten svarar med egna ord utan fasta svarsalternativ.
64	4	enkatdesign	E	Vad är en sluten fråga?	En fråga där respondenten väljer mellan förutbestämda svarsalternativ.
65	4	enkatdesign	E	Vad är en filterfråga?	En fråga som används för att avgöra vilka följdfrågor som är relevanta för en respondent.
66	4	enkatdesign	E	Varför gör man en pilotenkät?	För att testa frågornas tydlighet, flöde och tekniska funktion innan huvudstudien.
67	4	enkatdesign	E	Vad är ett neutralt svarsalternativ?	Ett mittalternativ som gör det möjligt att inte ta tydlig ställning åt något håll.
68	4	enkatdesign	C	Hur konstruerar man en reliabel enkät?	Genom tydliga frågor, konsekvent skala och pilotstudier.
69	4	enkatdesign	C	Hur påverkar frågeordning svarsmönster?	Tidiga frågor kan påverka hur respondenter tolkar senare frågor.
70	4	enkatdesign	C	Hur kan en enkät kritiseras metodologiskt?	Till exempel för bias, otydliga frågor eller låg representativitet.
71	4	enkatdesign	C	Hur påverkar svarsskalan variationen i data?	Fler och tydligt avgränsade svarsalternativ kan fånga mer variation medan grova skalor kan dölja skillnader.
72	4	enkatdesign	C	När bör man använda öppna respektive slutna frågor?	Öppna frågor passar när man vill fånga nyanser medan slutna frågor passar när jämförbarhet och kodning är viktigast.
73	4	enkatdesign	C	Hur kan social önskvärdhet minskas i en enkät?	Genom neutrala formuleringar, anonymitet och frågor som inte signalerar ett önskat svar.
74	4	enkatdesign	A	Hur kan mätinstrumentets konstruktion påverka resultatet?	Formuleringar, skalor och svarsalternativ kan påverka hur respondenter svarar.
75	4	enkatdesign	A	Hur kan modeeffekter påverka enkätsvar?	Svar kan skilja sig mellan webbenkäter, telefonintervjuer och pappersenkäter eftersom situationen och kontakten med intervjuaren varierar.
76	4	enkatdesign	A	Hur kan översättning mellan språk påverka frågekvaliteten?	Nyanser kan gå förlorade eller ändras vilket kan påverka både validitet och jämförbarhet.
77	4	enkatdesign	A	Hur hanterar du avvägningen mellan kort enkät och hög begreppsvaliditet?	Genom att prioritera centrala indikatorer och väga respondentbörda mot behovet av att täcka begreppet tillräckligt väl.
78	4	enkatdesign	A	Hur kan item nonresponse analyseras metodologiskt?	Genom att undersöka vilka frågor som oftast lämnas obesvarade och om bortfallet är systematiskt kopplat till vissa grupper.
79	4	enkatdesign	A	Diskutera hur svarsalternativ kan skapa mätfel.	Obalanserade, överlappande eller otydliga svarsalternativ kan styra svaren och ge missvisande mätningar.
80	4	enkatdesign	A	Hur kan standardiserade instruktioner påverka datakvaliteten?	De minskar variation i administrationen och gör svaren mer jämförbara mellan respondenter och intervjuare.
81	5	urval_representativitet	E	Vad är bortfall?	När personer i urvalet inte deltar eller inte svarar.
82	5	urval_representativitet	E	Vad är skillnaden mellan population och urval?	Populationen är hela gruppen man vill studera medan urvalet är den del man undersöker.
83	5	urval_representativitet	E	Vad är slumpmässigt urval?	När varje individ i populationen har samma sannolikhet att bli vald.
84	5	urval_representativitet	E	Vad är en pilotstudie?	En mindre teststudie som genomförs innan huvudstudien.
85	5	urval_representativitet	E	Vad är representativitet?	Att urvalet liknar populationen på viktiga egenskaper så att slutsatser kan generaliseras bättre.
86	5	urval_representativitet	E	Vad är ett bekvämlighetsurval?	Ett urval där deltagare väljs för att de är lätta att nå snarare än genom sannolikhetsurval.
87	5	urval_representativitet	E	Vad är ett stratifierat urval?	Ett urval där populationen först delas in i delgrupper och där man sedan drar observationer inom varje grupp.
88	5	urval_representativitet	C	Hur kan bortfall påverka resultaten?	Systematiskt bortfall kan snedvrida resultaten.
89	5	urval_representativitet	C	Hur kan representativitet bedömas?	Genom att jämföra urvalets egenskaper med populationens.
90	5	urval_representativitet	C	Hur kan social önskvärdhet påverka svaren?	Respondenter kan ge svar som framställer dem i bättre dager.
91	5	urval_representativitet	C	Hur kan en pilot förbättra en enkät?	Genom att identifiera otydliga frågor eller tekniska problem.
92	5	urval_representativitet	C	Hur kan självselektion snedvrida ett urval?	Om deltagande bygger på eget intresse kan vissa typer av personer bli överrepresenterade.
93	5	urval_representativitet	C	När kan viktning användas för att hantera urvalsskevhet?	När vissa grupper är över- eller underrepresenterade och man har information som gör det möjligt att justera för detta.
94	5	urval_representativitet	A	Hur påverkar urvalets struktur generaliserbarhet?	Ett snedvridet eller begränsat urval minskar möjligheten att generalisera resultaten.
95	5	urval_representativitet	A	Hur kan klusterurval påverka precisionen?	Observationer inom samma kluster tenderar att likna varandra vilket ofta ger större osäkerhet än ett enkelt slumpmässigt urval av samma storlek.
96	5	urval_representativitet	A	Vilka problem uppstår vid icke-sannolikhetsurval?	Det blir svårare att bedöma urvalsfel och att generalisera resultaten till en tydligt definierad population.
97	5	urval_representativitet	A	Hur kan täckningsfel uppstå i urvalsramen?	Om vissa delar av populationen saknas eller är felaktigt representerade i den lista som urvalet dras från.
98	5	urval_representativitet	A	Hur kan panelattrition påverka slutsatser?	Om vissa deltagare faller bort över tid kan resultaten bli skeva och mindre jämförbara mellan mättillfällen.
99	5	urval_representativitet	A	När är generalisering analytisk snarare än statistisk?	När man främst generaliserar till teori eller mekanismer snarare än till en population via sannolikhetsurval.
100	5	urval_representativitet	A	Hur kan fältarbete öka selektivt bortfall?	Genom att kontaktmetoder, tidpunkter eller påminnelser fungerar bättre för vissa grupper än för andra.
101	6	deskriptiv_statistik	E	Vad är medelvärde?	Medelvärdet är summan av alla observationer dividerad med antalet observationer.
102	6	deskriptiv_statistik	E	Vad är standardavvikelse?	Ett mått på hur mycket observationer i genomsnitt avviker från medelvärdet.
103	6	deskriptiv_statistik	E	Vad är korrelation?	Ett mått på styrkan och riktningen i sambandet mellan två variabler.
104	6	deskriptiv_statistik	E	Vad är deskriptiv statistik?	Statistiska metoder som används för att sammanfatta och beskriva data.
105	6	deskriptiv_statistik	E	Vad är en frekvenstabell?	En tabell som visar hur många observationer som finns i varje kategori eller värde i en variabel.
106	6	deskriptiv_statistik	E	Vad visar ett histogram?	Ett histogram visar hur värden i en kvantitativ variabel är fördelade över olika intervall.
107	6	deskriptiv_statistik	E	Vad är medianvärdet?	Medianen är det mittersta värdet i en ordnad fördelning.
108	6	deskriptiv_statistik	E	Vad är typvärdet?	Typvärdet är det värde som förekommer oftast i en variabel.
109	6	deskriptiv_statistik	C	Vad visar ett spridningsdiagram?	Ett spridningsdiagram visar relationen mellan två kvantitativa variabler genom att plotta observationer i ett koordinatsystem.
110	6	deskriptiv_statistik	C	Hur kan standardisering användas i dataanalys?	Genom att omvandla värden till en gemensam skala till exempel z-poäng så att variabler kan jämföras.
111	6	deskriptiv_statistik	C	Hur kan man konstruera ett index av flera variabler?	Genom att kombinera flera indikatorer till ett sammansatt mått till exempel genom att summera eller ta medelvärde.
112	6	deskriptiv_statistik	C	Vad är skillnaden mellan tvärsnittsdata och tidsseriedata?	Tvärsnittsdata mäter många enheter vid en tidpunkt medan tidsseriedata följer samma variabel över tid.
113	6	deskriptiv_statistik	C	Vad är ett lådagram?	Ett diagram som visar median, kvartiler och eventuella extremvärden i en fördelning.
114	6	deskriptiv_statistik	C	Hur tolkar man en z-poäng?	Den visar hur många standardavvikelser en observation ligger över eller under medelvärdet.
115	6	deskriptiv_statistik	A	Hur kan latent variabelanalys förbättra mätningen?	Genom att modellera underliggande konstruktioner baserat på flera indikatorer och därmed minska mätfel.
116	6	deskriptiv_statistik	A	Hur kan Ginikoefficienten användas för att analysera ojämlikhet?	Den mäter hur ojämnt en resurs är fördelad i en population där högre värde innebär större ojämlikhet.
117	6	deskriptiv_statistik	A	Hur kan transformation av variabler påverka analysresultat?	Genom att ändra skalan eller distributionen vilket kan göra samband tydligare eller uppfylla modellantaganden.
118	6	deskriptiv_statistik	A	Hur kan olika diagramtyper påverka tolkningen av data?	Olika visualiseringar kan framhäva olika aspekter av variation och samband och därmed påverka hur resultaten förstås.
119	6	deskriptiv_statistik	A	Hur kan extremvärden påverka deskriptiva mått?	Outliers kan dra upp eller ner medelvärden och standardavvikelser och därmed ge en missvisande bild av den typiska observationen.
120	6	deskriptiv_statistik	A	När är medianen mer informativ än medelvärdet?	När fördelningen är sned eller innehåller extremvärden som gör medelvärdet mindre representativt.
121	7	inferentiell_statistik	E	Vad är signifikans?	En bedömning av om ett observerat resultat sannolikt beror på slumpen eller inte.
122	7	inferentiell_statistik	E	Vad är ett p-värde?	Sannolikheten att observera ett lika extremt resultat om nollhypotesen är sann.
123	7	inferentiell_statistik	E	Vad är inferentiell statistik?	Statistiska metoder som används för att dra slutsatser om en population baserat på ett urval.
124	7	inferentiell_statistik	E	Vad är ett konfidensintervall?	Ett intervall som med en viss sannolikhet innehåller det sanna populationsvärdet.
125	7	inferentiell_statistik	E	Vad innebär centrala gränsvärdessatsen?	Att medelvärdet av många slumpmässiga observationer tenderar att bli ungefär normalfördelat när urvalet är tillräckligt stort.
126	7	inferentiell_statistik	E	Vad är ett urvalsfel?	Skillnaden mellan ett urvals resultat och det sanna värdet i populationen.
127	7	inferentiell_statistik	C	Vad är skillnaden mellan statistisk och praktisk signifikans?	Statistisk signifikans avser sannolikheten att resultatet beror på slumpen medan praktisk signifikans handlar om hur stor eller meningsfull effekten är.
128	7	inferentiell_statistik	C	Hur kan regressionsanalys misstolkas?	Genom att tolka korrelation som kausalitet eller ignorera viktiga kontrollvariabler.
129	7	inferentiell_statistik	C	Hur påverkar urvalets storlek statistisk styrka?	Större urval ökar sannolikheten att upptäcka verkliga effekter.
130	7	inferentiell_statistik	C	Vad innebär ett chi²-test av oberoende?	Ett test som undersöker om två kategoriska variabler är statistiskt oberoende av varandra.
131	7	inferentiell_statistik	C	Vad testar ett t-test av två medelvärden?	Om medelvärdena i två grupper skiljer sig mer än vad som kan förklaras av slumpen.
132	7	inferentiell_statistik	C	Vad mäter Pearsons korrelationskoefficient r?	Styrkan och riktningen i ett linjärt samband mellan två kvantitativa variabler.
133	7	inferentiell_statistik	A	Hur kan regressionsanalys användas och missbrukas?	Den kan användas för att analysera samband men missbrukas om modeller tolkas kausalt utan lämplig design eller kontrollvariabler.
134	7	inferentiell_statistik	A	Hur kan statistisk signifikans dölja svaga effekter?	I stora urval kan mycket små och praktiskt irrelevanta effekter bli statistiskt signifikanta.
135	7	inferentiell_statistik	A	Hur kan multivariat analys förändra tolkningen?	Genom att kontrollera för flera variabler samtidigt kan tidigare observerade samband försvinna eller förändras.
136	7	inferentiell_statistik	A	Hur kan resultatens robusthet testas?	Genom känslighetsanalyser, alternativa modelleringar och kontroll av antaganden.
137	7	inferentiell_statistik	A	Vad innebär ett typ I-fel i hypotesprövning?	Att man felaktigt förkastar en sann nollhypotes.
138	7	inferentiell_statistik	A	Vad innebär ett typ II-fel i hypotesprövning?	Att man misslyckas med att förkasta en falsk nollhypotes.
139	7	inferentiell_statistik	A	Hur kan multikollinearitet påverka regressionsanalys?	När oberoende variabler är starkt korrelerade blir koefficienter instabila och svåra att tolka.
140	7	inferentiell_statistik	A	Vad innebär residualanalys i regressionsmodeller?	Att analysera skillnaden mellan observerade och predicerade värden för att kontrollera modellens antaganden.
